wine_id,wine_name,tier,model,correctness,voice,specificity,usefulness,composite,wrong_facts,banned_words_found,fabricated_numbers,reasoning
1231e371-af5f-4bde-9d2d-be094605cc21,"Shafer Vineyards One Point Five, Napa Valley",A,perplexity/sonar-reasoning-pro,1.5,2.0,3.5,3.5,2.425,"Hook says 'genuine expression' — uses banned word but also calls it 100% Cabernet Sauvignon implicitly when ground truth shows 2022 is 92% Cab Sauv with Petite Verdot, Merlot, and Malbec; Context data lists grapes as 100% Cabernet Sauvignon but ground truth shows it's a blend — the model didn't correct this; Hook calls it 'entry point' and 'second label' — One Point Five is not a second label; it sits below Hillside Select but is a standalone wine, not a second label in the traditional sense; Wine summary references 'John Shafer bottling' as the flagship — the flagship is Hillside Select, not a wine called 'John Shafer'; The naming origin is never mentioned — a missed opportunity, but not a wrong fact per se; Vinification summary fabricates '18-22 months' oak aging range — ground truth says 18 months in 100% new French oak; the '22 months' part is fabricated; Vinification summary says 'use of new versus neutral oak varies by vintage' — ground truth says 100% new French oak; Winemaker Elias Fernandez is never mentioned",genuine,"18-22 months oak aging (ground truth is 18 months in 100% new French oak); 2,600-foot ridges elevation claim is unverifiable in context","The output contains multiple factual errors that undermine trust. The vinification section fabricates an oak aging range of '18-22 months' and incorrectly states oak usage varies between new and neutral barrels, when ground truth confirms 18 months in 100% new French oak — this triggers the hard penalty for fabricated numbers (max 1.5 correctness). The hook uses the banned word 'genuine' (max 2.0 voice). The wine summary incorrectly identifies the flagship as 'John Shafer bottling' when it's Hillside Select. The blend is treated as 100% Cabernet when it's actually a multi-grape blend. Despite these errors, the output has decent specificity with named soil types and competitors, and the insider take offers a useful perspective, though built on some incorrect premises."
3f0c9f34-d466-4f33-8c57-5d2c740bf5e8,"Oyster Bay Chardonnay, Marlborough",A,perplexity/sonar-reasoning-pro,1.0,1.0,1.0,1.0,1.0,PARSE_FAILED,,,Output failed to parse as valid JSON. Unusable for production.
14823b73-f705-4b4d-8a11-e0079c33ab99,"Tyrrell's Vat 1 Semillon, New South Wales",A,perplexity/sonar-reasoning-pro,1.0,1.0,1.0,1.0,1.0,PARSE_FAILED,,,Output failed to parse as valid JSON. Unusable for production.
0aec2002-afb8-4d0f-a7ba-cc6fb3d8452f,"Fritz Haag Brauneberger Juffer Sonnenuhr Riesling Auslese, Mosel",A,perplexity/sonar-reasoning-pro,3.0,4.5,4.5,4.5,3.975,"'Sonnenuhr' translated as 'sun clock' rather than 'sundial'; Claim that Fritz Haag ferments 'without added sweetness or adjustment' and allows wild yeast to ferment 'to dryness or near-dryness' is misleading for Auslese — Auslese typically has significant residual sugar, and the ground truth confirms 'rich, concentrated style with interplay between fruity sweetness and vibrant acidity'; Sweetness rated as 2 in sensory profile is too low for Auslese — with 7-7.5% ABV and Auslese must weights, residual sugar is substantial; Describing Auslese as 'not a residual-sugar guarantee' and 'not a dessert wine' significantly downplays the sweetness of this Prädikat level; Schloss Lieser described as competitor 'in the same vineyard designation' — Schloss Lieser is an estate in Lieser, not Brauneberg; a Brauneberg Auslese from them would be from the same vineyard but this is imprecise; Joh. Jos. Christoffel is from Ürzig, not the 'same appellation' in a meaningful competitive sense beyond both being Mosel",,$30-45 retail price range; $50+ for older vintages; 40%+ gradient steepness; Peak drinking 5-10 years; 15-20 years aging with proper storage,"The output has strong voice, specificity, and usefulness — it's well-written, opinionated, names real producers and dishes, and teaches effectively. However, it has a significant conceptual error running through the piece: it systematically downplays the sweetness of Auslese, framing it as near-dry and mineral-driven rather than acknowledging the substantial residual sugar that defines this Prädikat level. At 7-7.5% ABV with Auslese must weights, there's considerable RS. The sensory sweetness rating of 2/5 is too low. The hook's 'sun clock' translation is slightly off ('sundial' is correct per ground truth). Multiple prices and specific numbers are fabricated. These issues prevent a high correctness score despite the otherwise impressive output."
46a46e99-c081-41ce-abcc-bf993469fc0e,"Kir Yianni Ramnista, Naoussa",B,perplexity/sonar-reasoning-pro,1.0,1.0,1.0,1.0,1.0,PARSE_FAILED,,,Output failed to parse as valid JSON. Unusable for production.
e998b872-3ce8-419e-ba0c-9904a4638629,"Terroir Al Limit Les Tosses, Catalunya",B,perplexity/sonar-reasoning-pro,1.5,3.5,4.0,3.0,2.8,"Hook says 350 meters elevation — ground truth says 600m elevation; Hook says 80-year-old vines — ground truth says 90-year-old; Vinification claims carbonic maceration for 21 days — ground truth says whole cluster native fermentation, two weeks on skins; Vinification claims aging in 5,000L neutral foudres — ground truth says recent vintages ferment and age in cement tanks (no wood aging); Claims vines were planted before phylloxera hit Priorat — unverifiable and likely fabricated; Claims price of $45 — no price data provided; Claims Les Terrasses is $65 and Clos Erasmus Carinyena is $95 — fabricated prices; Claims Nashville hot chicken pairing works due to 14.5% ABV — ABV not in context data; Claims roots go 15 meters deep — fabricated specific number; Alpine orogeny 250 million years ago — the Alpine orogeny is Cenozoic (65 Ma to present), not 250 Ma",,"350 meters elevation; 80-year-old vines; 15 meters root depth; 21 days carbonic maceration; 5,000L foudres; $45 price; 14.5% ABV; $65 for Les Terrasses; $95 for Clos Erasmus; 250 million years; $18 by-the-glass price; $40 for Scala Dei; 35°C/95°F temperatures","The hook contains two provably wrong facts (350m vs 600m elevation, 80-year-old vs 90-year-old vines), triggering the hard cap of 1.5 on correctness. Beyond the hook, the output fabricates numerous specific numbers not in the context data: prices, ABV, vessel sizes, maceration duration, root depth, and geological dates. The vinification description is substantially wrong — it claims foudre aging when ground truth confirms cement tanks with no wood. The voice is reasonably direct and opinionated with no banned words, but the sheer volume of fabricated specifics undermines the entire piece's credibility. The writing style attempts Loam's directness but the fabrications make it unreliable."
29c755be-e57c-4d38-8f28-3ec6d54d5268,"des Bosquets, Gigondas Les Routes",B,perplexity/sonar-reasoning-pro,3.0,4.0,4.0,4.5,3.75,"Hook claims wine is from 'rocky Dentelles slopes' — ground truth says Les Routes vineyard is on clay with gravel and limestone colluviums near Hautes Garrigues, not on the Dentelles slopes themselves; Claims 'biodynamic farming' and 'biodynamic and vegan certifications' — this is not present in the context data and not confirmed in the ground truth; this appears to be a fabrication; States Grenache minimum 50% of most local reds — Gigondas requires minimum 50% Grenache but this specific number is not in context data (though it is correct from wine knowledge); Hook says 'limestone scree' for the vineyard — ground truth says clay with gravel and limestone colluviums, not limestone scree specifically",,~14-15% ABV range mentioned in food pairing section is loosely derived from the 2020 ABV of 14.5 but presented as a general range; $25-$38 retail price range is fabricated — no price data was provided,"The output makes several unverifiable or incorrect claims: biodynamic/vegan certification is stated as fact but appears nowhere in context data or ground truth, which is a significant fabrication. The vineyard location description conflates the Dentelles slopes with the actual Les Routes site (clay/gravel/limestone colluviums near Hautes Garrigues). The 50% Grenache minimum is actually correct wine knowledge. The price range is fabricated but explicitly flagged as estimated. The output misses key ground truth details like the Serine clone, Julien Bréchet, and the Chave/Reynaud bud wood provenance — missed opportunities rather than errors. Voice is strong: direct, opinionated, takes a clear stance in the insider take. Specificity is good with named soils, rotundone chemistry, and real dish pairings. Very useful structure and actionable insider take."
1c2f0e8d-4a39-42f4-b008-c5d02bd4025d,"Atamisque Chardonnay, Mendoza",B,perplexity/sonar-reasoning-pro,1.0,1.0,1.0,1.0,1.0,PARSE_FAILED,,,Output failed to parse as valid JSON. Unusable for production.
49a78f8d-0332-4925-b8b1-c1cb40dcb33b,"Wind Gap Woodruff Vineyard Pinot Noir, Santa Cruz Mountains",C,perplexity/sonar-reasoning-pro,2.0,4.0,3.5,3.5,3.1,"Hook claims Woodruff is at '1,000+ feet elevation' — no evidence for this specific elevation; Woodruff Vineyard is near Coralitos which is at relatively low elevation (~300-400 feet), not 1,000+ feet; Hook claims 'fractured shale' as the soil type — this is not in the context data and is unverifiable for Woodruff Vineyard near Coralitos; Terroir section fabricates 'fractured shale and sandstone bedrock' and 'iron-rich red earth' — none of this is documented for Woodruff Vineyard; Price range of '$30-$45' is fabricated — no pricing data was provided; Comparable wines 'Eventide', 'Pietra Santa', and 'Fog's Rest' appear to be fabricated or extremely obscure producers that cannot be verified as real Santa Cruz Mountains Pinot Noir producers",,"1,000+ feet elevation; $30-$45 price range; alcohol sensory score of 4 (no ABV data provided)","The hook contains a provably wrong claim about 1,000+ feet elevation — Woodruff Vineyard is near Coralitos at low elevation, not high elevation. The entire narrative is built around a 'high-elevation' story that doesn't match the vineyard's actual location. The soil descriptions (fractured shale, sandstone, iron-rich red earth) are fabricated with no source. The output completely misses verifiable ground truth: Pax Mahle as winemaker, the vineyard's 1978 planting date, whole cluster fermentation, neutral French oak/concrete/stainless aging. The voice is strong — direct, opinionated, no banned words — but the factual foundation is unreliable. The comparable wines appear fabricated. The wrong elevation claim in the hook triggers the hard penalty cap of 1.5, but I'm giving 2.0 because the elevation claim, while unsupported and likely wrong, is not as definitively provable as other hook errors since SCM AVA does include high-elevation sites. Still, the weight of fabricated details is significant."
4cd8b76a-b4fc-43cf-83ae-8a0c84e7673e,"Barefoot Buttery Chardonnay, California",C,perplexity/sonar-reasoning-pro,3.5,4.5,4.0,4.5,4.05,"Kim Crawford Chardonnay described as 'from New Zealand' — Kim Crawford does make a Marlborough Chardonnay but comparing it as 'same price point, similar malolactic-forward style' is a stretch since Kim Crawford Chardonnay is known for being unoaked/lighter, not malolactic-forward",,"$10-12 retail price cited in hook and value_assessment — not present in context data (context shows $6.99-$23.99 range but no $10-12 figure); sensory scores (acidity: 2, tannin: 1, body: 3, sweetness: 2, alcohol: 3) are fabricated but expected for the format","The output correctly identifies Gallo ownership, malolactic fermentation as the source of buttery character, California Central Valley sourcing (described as 'interior valleys'), and the wine's mass-market positioning. The hook's claim about MLF is correct and matches ground truth about the wine's style. The $10-12 price point is fabricated — not in the context data — though it's roughly plausible as a typical retail price for Barefoot. The Kim Crawford comparison is slightly misleading since Kim Crawford Chardonnay is typically unoaked and not 'malolactic-forward.' The voice is excellent: direct, opinionated, unafraid to call the wine what it is, with specific food pairings and clear reasoning. No banned words found. The output adds genuine value by explaining MLF clearly and positioning the wine honestly in the market."
9934442d-7786-489b-aca3-e329b1c12da5,"Plantagenet Omrah Pinot Noir, Great Southern",C,perplexity/sonar-reasoning-pro,2.0,3.5,3.5,3.0,2.875,"Hook claims elevation 'up to 1,083 meters' — Great Southern's highest point (Bluff Knoll) is 1,095m, and vineyards are not planted at anything close to 1,083m; Mount Barker vineyards sit around 200-350m elevation. This dramatically overstates vineyard elevation.; Claims 'lateritic and granite-based soils' and 'granite-gneissic sandy loams' — while ground truth confirms gravelly loam soils, the specific geological terminology (lateritic, granite-gneissic) is not verified and likely fabricated detail; Value assessment fabricates a '$35–65 AUD' price range — no pricing was provided in context data; Omrah is described as representing terroir 'directly' when ground truth shows it's actually a second-label range from younger vineyards or bought-in fruit, i.e., a value tier, not a direct terroir expression",,"1,083 meters elevation; $35-65 AUD price range; 200 km east-west span; 100 km north-south span; 100km+ ocean proximity; 10 years aging claim for cool-climate Pinot structure","The hook's elevation claim is misleading — while Bluff Knoll reaches ~1,095m, vineyards in Great Southern are planted at much lower elevations (200-350m), making the 1,083m figure deeply misleading in a viticultural context. The output mischaracterizes Omrah as a direct terroir expression when it's actually Plantagenet's value/second label. Multiple specific numbers are fabricated (price range, regional dimensions, elevation). The output fails to mention the verified 10 months French oak or that Plantagenet was the first commercial winery in Great Southern (1968/1975). Voice is decent — direct and opinionated without banned words — but the factual errors undermine credibility significantly."
ebde8e00-350b-40fc-a762-0987259419ac,"Howard Park Leston Shiraz, Margaret River",C,perplexity/sonar-reasoning-pro,1.0,1.0,1.0,1.0,1.0,PARSE_FAILED,,,Output failed to parse as valid JSON. Unusable for production.
